Year,Month,Day,Water Temperature,Tank,Spawn
2018,1,1,28.3,MAT 2,
2018,1,2,28.5,MAT 2,
2018,1,3,28.2,MAT 2,
2018,1,4,24,MAT 2,1
2018,1,5,21.4,MAT 2,1
2018,1,6,21.7,MAT 2,
2018,1,7,23.0,MAT 2,1
2018,1,8,25.5,MAT 2,
2018,1,9,27.70,MAT 2,
2018,1,10,27.2,MAT 2,
2018,1,11,26.8,MAT 2,
2018,1,12,27.6,MAT 2,
2018,1,13,28.8,MAT 2,
2018,1,14,25.1,MAT 2,
2018,1,15,25.3,MAT 2,
2018,1,16,26.5,MAT 2,
2018,1,17,27.5,MAT 1,
2018,1,18,24.5,MAT 1,
2018,1,19,24.0,MAT 1,
2018,1,20,25.0,MAT 1,
2018,1,21,24.3,MAT 1,
2018,1,22,25.7,MAT 1,
2018,1,23,26.0,MAT 1,
2018,1,24,25.6,MAT 1,
2018,1,25,26.9,MAT 1,
2018,1,26,26.5,MAT 1,
2018,1,27,24.8,MAT 1,
2018,1,28,25.7,MAT 1,
2018,1,29,24.8,MAT 1,
2018,1,30,23.8,MAT 1,
2018,1,31,23.3,MAT 1,
2018,2,1,23.5,MAT 1,
2018,2,2,21.6,MAT 1,
2018,2,3,21.1,MAT 1,
2018,2,4,21.6,MAT 1,
2018,2,5,22.2,MAT 1,
2018,2,6,22.0,MAT 1,
2018,2,7,22.7,MAT 1,
2018,2,8,22.3,MAT 1,
2018,2,9,22.60,MAT 1,
2018,2,10,22.8,MAT 1,
2018,2,11,23.2,MAT 1,
2018,2,12,23.5,MAT 1,
2018,2,13,23.0,MAT 1,
2018,2,14,22.6,MAT 1,
2018,2,15,21.8,MAT 1,
2018,2,16,21.8,MAT 1,
2018,2,17,22.0,MAT 1,
2018,2,18,22.1,MAT 1,
2018,2,19,22.2,MAT 1,
2018,2,20,22.5,MAT 1,
2018,2,21,23.0,MAT 1,
2018,2,22,23.3,MAT 1,
2018,2,23,,,
2018,2,24,,,
2018,2,25,,,
2018,2,26,,,
2018,2,27,,,
2018,2,28,,,
2018,3,1,25.2,MAT 4,
2018,3,2,25.2,MAT 4,
2018,3,3,22.9,MAT 4,
2018,3,4,20.8,MAT 4,
2018,3,5,21.1,MAT 4,
2018,3,6,21.5,MAT 4,
2018,3,7,21.4,MAT 4,
2018,3,8,21.0,MAT 4,
2018,3,9,18.4,MAT 4,
2018,3,10,20.7,MAT 4,
2018,3,11,21.2,MAT 4,
2018,3,12,21.9,MAT 4,
2018,3,13,20.2,MAT 4,
2018,3,14,20.3,MAT 4,
2018,3,15,19.0,MAT 4,
2018,3,16,21.0,MAT 4,
2018,3,17,20.3,MAT 4,
2018,3,18,21.1,MAT 4,
2018,3,19,21.3,MAT 4,
2018,3,20,20.9,MAT 4,
2018,3,21,20.5,MAT 4,
2018,3,22,19.2,MAT 4,
2018,3,23,18.0,MAT 4,
2018,3,24,19.6,MAT 4,
2018,3,25,19.8,MAT 4,
2018,3,26,20.3,MAT 4,
2018,3,27,20.4,MAT 4,
2018,3,28,19.7,MAT 4,
2018,3,29,19.8,MAT 4,
2018,3,30,20.2,MAT 4,
2018,3,31,19.7,MAT 4,
2018,4,1,20.8,MAT 4,
2018,4,2,20.3,MAT 4,
2018,4,3,21.0,MAT 4,
2018,4,4,21.3,MAT 4,
2018,4,5,21.6,MAT 4,
2018,4,6,21.3,MAT 4,
2018,4,7,21.7,MAT 4,
2018,4,8,20.9,MAT 4,
2018,4,9,20.8,MAT 4,
2018,4,10,20.2,MAT 4,
2018,4,11,19.5,MAT 4,
2018,4,12,19.0,MAT 4,
2018,4,13,19.2,MAT 4,
2018,4,14,19.8,MAT 4,
2018,4,15,21.6,MAT 4,
2018,4,16,21.6,MAT 4,
2018,4,17,20.2,MAT 4,
2018,4,18,20.9,MAT 4,
2018,4,19,21.1,MAT 4,
2018,4,20,22.1,MAT 4,
2018,4,21,21.4,MAT 4,
2018,4,22,21.3,MAT 4,
2018,4,23,21.4,MAT 4,
2018,4,24,20.8,MAT 4,
2018,4,25,21.4,MAT 4,
2018,4,26,20.9,MAT 4,
2018,4,27,20.8,MAT 4,
2018,4,28,20.3,MAT 4,
2018,4,29,20.5,MAT 4,
2018,4,30,20.6,MAT 4,
2018,5,1,21.1,MAT 4,
2018,5,2,21.8,MAT 4,
2018,5,3,21.7,MAT 4,
2018,5,4,22.0,MAT 4,
2018,5,5,22.1,MAT 4,
2018,5,6,22.5,MAT 4,
2018,5,7,22.4,MAT 4,
2018,5,8,23.2,MAT 4,
2018,5,9,22.9,MAT 4,
2018,5,10,22.1,MAT 4,
2018,5,11,22.0,MAT 4,
2018,5,12,22.3,MAT 4,
2018,5,13,22.1,MAT 4,
2018,5,14,21.9,MAT 4,
2018,5,15,22.6,MAT 4,
2018,5,16,23.4,MAT 4,
2018,5,17,22.8,MAT 4,
2018,5,18,23.6,MAT 4,
2018,5,19,23.5,MAT 4,
2018,5,20,22.4,MAT 4,
2018,5,21,23.4,MAT 4,
2018,5,22,21.5,MAT 4,
2018,5,23,23.8,MAT 4,
2018,5,24,,MAT 4,
2018,5,25,27.1,MAT 4,
2018,5,26,26.6,MAT 4,
2018,5,27,25.6,MAT 4,
2018,5,28,25.8,MAT 4,
2018,5,29,26.0,MAT 4,
2018,5,30,26.6,MAT 4,
2018,5,31,27.4,MAT 4,
2018,6,1,27.2,MAT 4,
2018,6,2,27.4,MAT 4,
2018,6,3,28.4,MAT 4,
2018,6,4,29.0,MAT 4,
2018,6,5,29.2,MAT 4,
2018,6,6,28.9,MAT 4,
2018,6,7,29.1,MAT 4,
2018,6,8,28.7,MAT 4,
2018,6,9,28.5,MAT 4,
2018,6,10,28.8,MAT 4,
2018,6,11,28.8,MAT 4,
2018,6,12,28.6,MAT 4,
2018,6,13,28.7,MAT 4,
2018,6,14,28.8,MAT 4,
2018,6,15,28.7,MAT 4,
2018,6,16,29.1,MAT 4,
2018,6,17,29.3,MAT 4,
2018,6,18,29.9,MAT 4,
2018,6,19,30.2,MAT 4,
2018,6,20,29.7,MAT 4,
2018,6,21,29.9,MAT 4,
2018,6,22,30.1,MAT 4,
2018,6,23,29.9,MAT 4,
2018,6,24,30.2,MAT 4,
2018,6,25,30.5,MAT 4,
2018,6,26,30.5,MAT 4,
2018,6,27,30.6,MAT 4,
2018,6,28,30.8,MAT 4,
2018,6,29,30.1,MAT 4,
2018,6,30,30.3,MAT 4,
2018,7,1,30.4,MAT 4,
2018,7,2,29.7,MAT 4,
2018,7,3,30.8,MAT 4,
2018,7,4,30.2,MAT 4,
2018,7,5,30.5,MAT 4,
2018,7,6,30.2,MAT 4,
2018,7,7,30.6,MAT 4,
2018,7,8,31.2,MAT 4,
2018,7,9,31.4,MAT 4,
2018,7,10,31.5,MAT 4,
2018,7,11,30.4,MAT 4,
2018,7,12,30.8,MAT 4,
2018,7,13,30.9,MAT 4,
2018,7,14,30.7,MAT 4,
2018,7,15,31.0,MAT 4,
2018,7,16,31.3,MAT 4,
2018,7,17,31.0,MAT 4,
2018,7,18,31.3,MAT 4,
2018,7,19,31.4,MAT 4,
2018,7,20,31.5,MAT 4,
2018,7,21,31.2,MAT 4,
2018,7,22,31.3,MAT 4,
2018,7,23,31.0,MAT 4,
2018,7,24,30.2,MAT 4,
2018,7,25,29.9,MAT 4,
2018,7,26,30.2,MAT 4,
2018,7,27,30.7,MAT 4,
2018,7,28,30.7,MAT 4,
2018,7,29,30.3,MAT 4,
2018,7,30,29.6,MAT 4,
2018,7,31,,,
2018,8,1,,,
2018,8,2,,,
2018,8,3,,,
2018,8,4,30.3,MAT 2,
2018,8,5,30.4,MAT 2,
2018,8,6,30.2,MAT 2,
2018,8,7,30.1,MAT 2,
2018,8,8,30.4,MAT 2,
2018,8,9,30.7,MAT 2,
2018,8,10,30.8,MAT 2,
2018,8,11,30.1,MAT 2,
2018,8,12,30.1,MAT 2,
2018,8,13,30.3,MAT 2,
2018,8,14,27.6,MAT 2,
2018,8,15,30.8,MAT 2,
2018,8,16,30.8,MAT 2,
2018,8,17,30.9,MAT 2,
2018,8,18,30.9,MAT 2,
2018,8,19,30.9,MAT 2,
2018,8,20,30.8,MAT 2,
2018,8,21,30.3,MAT 2,
2018,8,22,31.1,MAT 2,
2018,8,23,31.1,MAT 2,
2018,8,24,31.2,MAT 2,
2018,8,25,31.0,MAT 2,
2018,8,26,29.8,MAT 2,
2018,8,27,30.1,MAT 2,
2018,8,28,30.1,MAT 2,
2018,8,29,30.0,MAT 2,
2018,8,30,29.9,MAT 2,
2018,8,31,29.6,MAT 2,
2018,9,1,29.7,MAT 2,
2018,9,2,29.3,MAT 2,
2018,9,3,28.9,MAT 2,
2018,9,4,28.0,MAT 2,
2018,9,5,28.6,MAT 2,
2018,9,6,28.9,MAT 2,
2018,9,7,29.1,MAT 2,
2018,9,8,28.9,MAT 2,
2018,9,9,28.9,MAT 2,
2018,9,10,29.0,MAT 2,
2018,9,11,29.2,MAT 2,
2018,9,12,29.5,MAT 2,
2018,9,13,29.8,MAT 2,
2018,9,14,30.0,MAT 2,
2018,9,15,30.2,MAT 2,
2018,9,16,30.3,MAT 2,
2018,9,17,30.5,MAT 2,
2018,9,18,30.8,MAT 2,
2018,9,19,29.8,MAT 2,
2018,9,20,29.1,MAT 2,
2018,9,21,28.5,MAT 2,1
2018,9,22,27.7,MAT 2,
2018,9,23,27.5,MAT 2,
2018,9,24,27.9,MAT 2,
2018,9,25,27.8,MAT 2,
2018,9,26,27.6,MAT 2,
2018,9,27,27.9,MAT 2,
2018,9,28,28.2,MAT 2,
2018,9,29,28.1,MAT 2,
2018,9,30,27.8,MAT 2,
2018,10,1,27.9,MAT 2,
2018,10,2,28.4,MAT 2,
2018,10,3,28.2,MAT 2,
2018,10,4,27.8,MAT 2,1
2018,10,5,27.5,MAT 2,1
2018,10,6,27.1,MAT 2,
2018,10,7,26.9,MAT 2,
2018,10,8,26.9,MAT 2,
2018,10,9,27.2,MAT 2,
2018,10,10,27.6,MAT 2,
2018,10,11,27.5,MAT 2,
2018,10,12,27.2,MAT 2,
2018,10,13,27.3,MAT 2,
2018,10,14,27.3,MAT 2,
2018,10,15,27.4,MAT 2,
2018,10,16,27.3,MAT 2,
2018,10,17,27.3,MAT 2,
2018,10,18,27.7,MAT 2,
2018,10,19,27.3,MAT 2,
2018,10,20,27.3,MAT 2,
2018,10,21,27.2,MAT 2,
2018,10,22,27.2,MAT 2,
2018,10,23,27.1,MAT 2,
2018,10,24,26.9,MAT 2,1
2018,10,25,26.9,MAT 2,
2018,10,26,26.9,MAT 2,
2018,10,27,27.0,MAT 2,
2018,10,28,26.3,MAT 2,
2018,10,29,25.7,MAT 2,
2018,10,30,26.0,MAT 2,
2018,10,31,26.4,MAT 2,1
2018,11,1,26.2,MAT 2,
2018,11,2,27.0,MAT 2,
2018,11,3,27.1,MAT 2,
2018,11,4,27.0,MAT 2,
2018,11,5,27.1,MAT 2,
2018,11,6,27.0,MAT 2,
2018,11,7,27.1,MAT 2,
2018,11,8,27.4,MAT 1,
2018,11,9,27.8,MAT 1,
2018,11,10,28.1,MAT 1,
2018,11,11,25.8,MAT 1,
2018,11,12,25.8,MAT 1,
2018,11,13,27.4,MAT 1,
2018,11,14,27.9,MAT 1,
2018,11,15,28.3,MAT 1,
2018,11,16,28.1,MAT 1,
2018,11,17,27.8,MAT 1,
2018,11,18,27.5,MAT 1,
2018,11,19,27.7,MAT 1,
2018,11,20,27.7,MAT 1,
2018,11,21,27.9,MAT 1,
2018,11,22,27.8,MAT 1,
2018,11,23,27.8,MAT 1,
2018,11,24,26.1,MAT 1,
2018,11,25,27.7,MAT 1,
2018,11,26,27.6,MAT 1,
2018,11,27,27.6,MAT 1,
2018,11,28,27.1,MAT 1,1
2018,11,29,26.7,MAT 1,
2018,11,30,29.0,MAT 1,
2018,12,1,29.5,MAT 1,
2018,12,2,29.0,MAT 1,
2018,12,3,27.9,MAT 1,
2018,12,4,28.4,MAT 1,
2018,12,5,28.5,MAT 1,
2018,12,6,27.8,MAT 1,
2018,12,7,28.5,MAT 1,
2018,12,8,28.2,MAT 1,
2018,12,9,27.6,MAT 1,
2018,12,10,28.5,MAT 1,
2018,12,11,28.7,MAT 1,
2018,12,12,25.2,MAT 1,
2018,12,13,26.5,MAT 1,
2018,12,14,29.4,MAT 1,1
2018,12,15,29.2,MAT 1,1
2018,12,16,28.0,MAT 1,1
2018,12,17,28.2,MAT 1,
2018,12,18,28.0,MAT 1,
2018,12,19,28.1,MAT 1,
2018,12,20,27.3,MAT 1,
2018,12,21,28.0,MAT 1,
2018,12,22,27.8,MAT 1,
2018,12,23,28.1,MAT 1,
2018,12,24,27.9,MAT 1,
2018,12,25,27.9,MAT 1,
2018,12,26,27.1,MAT 1,
2018,12,27,28.5,MAT 1,
2018,12,28,27.8,MAT 1,
2018,12,29,28.1,MAT 1,
2018,12,30,,MAT 1,
2018,12,31,,MAT 1,
2019,1,1,29.1,MAT 1,
2019,1,2,27.8,MAT 1,
2019,1,3,27.5,MAT 1,
2019,1,4,27.8,MAT 1,
2019,1,5,27.8,MAT 1,
2019,1,6,27.6,MAT 1,
2019,1,7,27.8,MAT 1,
2019,1,8,27.9,MAT 1,
2019,1,9,28.1,MAT 1,
2019,1,10,23.5,MAT 2,
2019,1,11,25.2,MAT 2,
2019,1,12,27.7,MAT 2,
2019,1,13,29.1,MAT 2,
2019,1,14,27.3,MAT 2,
2019,1,15,27.8,MAT 2,
2019,1,16,26.2,MAT 2,
2019,1,17,25.1,MAT 2,
2019,1,18,26.7,MAT 2,1
2019,1,19,26.9,MAT 2,
2019,1,20,27.6,MAT 2,
2019,1,21,22.8,MAT 2,
2019,1,22,26.1,MAT 2,
2019,1,23,27.5,MAT 2,
2019,1,24,28.5,MAT 2,1
2019,1,25,27.9,MAT 2,
2019,1,26,27.6,MAT 2,
2019,1,27,28.1,MAT 2,
2019,1,28,27.3,MAT 2,
2019,1,29,25.3,MAT 2,
2019,1,30,26.5,MAT 2,
2019,1,31,27.0,MAT 2,
2019,2,1,28.5,MAT 2,
2019,2,2,27.9,MAT 2,
2019,2,3,27.0,MAT 2,
2019,2,4,28.5,MAT 2,1
2019,2,5,28.6,MAT 2,
2019,2,6,28.3,MAT 2,
2019,2,7,28.3,MAT 2,
2019,2,8,28.4,MAT 2,
2019,2,9,28.3,MAT 2,
2019,2,10,27.9,MAT 2,1
2019,2,11,28.1,MAT 2,
2019,2,12,28.2,MAT 2,
2019,2,13,28.7,MAT 2,
2019,2,14,28.2,MAT 2,
2019,2,15,28.1,MAT 2,
2019,2,16,28.3,MAT 2,
2019,2,17,28.2,MAT 2,
2019,2,18,28.3,MAT 2,
2019,2,19,28.2,MAT 2,
2019,2,20,28.1,MAT 2,
2019,2,21,28.1,MAT 2,
2019,2,22,28.1,MAT 2,
2019,2,23,27.9,MAT 2,
2019,2,24,28.3,MAT 2,
2019,2,25,28.3,MAT 2,
2019,2,26,27.2,MAT 2,
2019,2,27,28.2,MAT 2,
2019,2,28,28.7,MAT 2,
2019,2,29,28.4,MAT 2,
2019,3,1,28.40,MAT 2,1
2019,3,2,28.20,MAT 2,
2019,3,3,28.20,MAT 2,1
2019,3,4,28.20,MAT 2,
2019,3,5,28.40,MAT 2,
2019,3,6,27.80,MAT 2,
2019,3,7,27.00,MAT 2,
2019,3,8,28.50,MAT 2,
2019,3,9,,MAT 2,
2019,3,10,,MAT 2,
2019,3,11,,MAT 2,
2019,3,12,,MAT 2,
2019,3,13,27.00,MAT 2,1
2019,3,14,27.00,MAT 2,
2019,3,15,27.10,MAT 2,
2019,3,16,27.30,MAT 2,
2019,3,17,27.30,MAT 2,
2019,3,18,27.20,MAT 2,
2019,3,19,27.00,MAT 2,
2019,3,20,26.60,MAT 2,
2019,3,21,26.80,MAT 2,
2019,3,22,26.40,MAT 2,
2019,3,23,26.30,MAT 2,
2019,3,24,26.70,MAT 2,
2019,3,25,27.10,MAT 2,
2019,3,26,27.00,MAT 2,
2019,3,27,26.80,MAT 2,
2019,3,28,26.50,MAT 2,
2019,3,29,26.70,MAT 2,
2019,3,30,26.60,MAT 2,
2019,3,31,27.00,MAT 2,
2019,4,1,26.90,MAT 2,1
2019,4,2,26.90,MAT 2,
2019,4,3,27.60,MAT 2,
2019,4,4,27.10,MAT 2,1
2019,4,5,27.20,MAT 2,
2019,4,6,27.60,MAT 2,
2019,4,7,27.20,MAT 2,
2019,4,8,27.40,MAT 2,
2019,4,9,27.40,MAT 2,
2019,4,10,27.50,MAT 2,
2019,4,11,28.10,MAT 2,
2019,4,12,27.60,MAT 2,
2019,4,13,27.40,MAT 2,
2019,4,14,27.30,MAT 2,
2019,4,15,27.60,MAT 2,
2019,4,16,27.60,MAT 2,
2019,4,17,27.40,MAT 2,
2019,4,18,27.50,MAT 1,
2019,4,19,27.80,MAT 1,
2019,4,20,27.2,MAT 1,
2019,4,21,27.90,MAT 1,
2019,4,22,27.70,MAT 1,
2019,4,23,27.90,MAT 1,
2019,4,24,28.30,MAT 1,
2019,4,25,27.60,MAT 1,
2019,4,26,27.70,MAT 1,1
2019,4,27,,MAT 1,
2019,4,28,27.80,MAT 1,
2019,4,29,27.80,MAT 1,
2019,4,30,27.80,MAT 1,
2019,5,1,27.80,MAT 1,
2019,5,2,27.10,MAT 1,
2019,5,3,28.20,MAT 1,
2019,5,4,28.30,MAT 1,1
2019,5,5,28.30,MAT 1,
2019,5,6,28.20,MAT 1,
2019,5,7,28.30,MAT 1,
2019,5,8,28.50,MAT 1,
2019,5,9,,MAT 1,
2019,5,10,,MAT 1,1
2019,5,11,29.20,MAT 1,
2019,5,12,29.40,MAT 1,
2019,5,13,,MAT 1,
2019,5,14,30.00,MAT 1,
2019,5,15,29.60,MAT 1,
2019,5,16,29.10,MAT 1,
2019,5,17,28.30,MAT 1,
2019,5,18,28.10,MAT 1,
2019,5,19,28.50,MAT 1,
2019,5,20,28.90,MAT 1,
2019,5,21,28.10,MAT 1,
2019,5,22,27.90,MAT 1,
2019,5,23,28.00,MAT 1,
2019,5,24,27.10,MAT 1,1
2019,5,25,26.90,MAT 1,
2019,5,26,27.10,MAT 1,
2019,5,27,27.00,MAT 1,
2019,5,28,27.00,MAT 1,
2019,5,29,27.10,MAT 1,
2019,5,30,26.90,MAT 1,
2019,5,31,27.10,MAT 1,
2019,6,1,27,MAT 1,
2019,6,2,26.9,MAT 1,
2019,6,3,26.9,MAT 1,1
2019,6,4,,,
2019,6,5,,,
2019,6,6,,,
2019,6,7,,,
2019,6,8,,,
2019,6,9,,,
2019,6,10,,,
2019,6,11,,,
2019,6,12,,,
2019,6,13,,,
2019,6,14,29,MAT 1,
2019,6,15,29.3,MAT 1,
2019,6,16,29.5,MAT 1,1
2019,6,17,28.9,MAT 1,
2019,6,18,28.2,MAT 1,
2019,6,19,28.8,MAT 1,
2019,6,20,29.6,MAT 1,
2019,6,21,30.2,MAT 1,
2019,6,22,28.5,MAT 1,
2019,6,23,28.9,MAT 1,
2019,6,24,28.5,MAT 1,
2019,6,25,28.36,MAT 1,
2019,6,26,28.5,MAT 1,1
2019,6,27,28.6,MAT 1,
2019,6,28,27.4,MAT 1,
2019,6,29,27.1,MAT 1,
2019,6,30,26.8,MAT 1,
2019,7,1,27.0,MAT 1,
2019,7,2,27.0,MAT 1,
2019,7,3,27.0,MAT 1,
2019,7,4,27.1,MAT 1,
2019,7,5,26.9,MAT 1,
2019,7,6,27.0,MAT 1,
2019,7,7,27.4,MAT 1,
2019,7,8,27.1,MAT 1,
2019,7,9,27.0,MAT 1,
2019,7,10,27.1,MAT 1,
2019,7,11,27.0,MAT 1,
2019,7,12,26.7,MAT 1,
2019,7,13,27.2,MAT 1,1
2019,7,14,27.4,MAT 1,
2019,7,15,26.9,MAT 1,
2019,7,16,27.0,MAT 1,
2019,7,17,27.0,MAT 1,
2019,7,18,27.0,MAT 1,
2019,7,19,26.9,MAT 1,
2019,7,20,27.2,MAT 1,
2019,7,21,26.9,MAT 1,1
2019,7,22,28.8,MAT 1,
2019,7,23,30.2,MAT 1,
2019,7,24,30.6,MAT 1,
2019,7,25,30.6,MAT 1,
2019,7,26,30.4,MAT 1,1
2019,7,27,30.8,MAT 1,
2019,7,28,31.4,MAT 1,
2019,7,29,31.8,MAT 1,
2019,7,30,31.90,MAT 1,
2019,7,31,31.0,MAT 2,
2019,8,1,30.8,MAT 2,
2019,8,2,29.6,MAT 2,
2019,8,3,29.5,MAT 2,
2019,8,4,29.5,MAT 2,
2019,8,5,29.9,MAT 2,
2019,8,6,29.4,MAT 2,
2019,8,7,29.3,MAT 2,
2019,8,8,29.5,MAT 2,
2019,8,9,29.5,MAT 2,1
2019,8,10,29.6,MAT 2,
2019,8,11,29.4,MAT 2,
2019,8,12,29.4,MAT 2,
2019,8,13,29.2,MAT 2,
2019,8,14,29.6,MAT 2,
2019,8,15,29.1,MAT 2,1
2019,8,16,28.7,MAT 2,
2019,8,17,28.9,MAT 2,
2019,8,18,30.3,MAT 2,
2019,8,19,30.5,MAT 2,
2019,8,20,30.5,MAT 2,1
2019,8,21,30.0,MAT 2,1
2019,8,22,30.3,MAT 2,
2019,8,23,30.2,MAT 2,
2019,8,24,30.1,MAT 2,
2019,8,25,29.7,MAT 2,
2019,8,26,28.6,MAT 2,
2019,8,27,29.7,MAT 2,
2019,8,28,29.5,MAT 2,
2019,8,29,29.9,MAT 2,
2019,8,30,30.0,MAT 2,
2019,8,31,29.5,MAT 2,
2019,9,1,29.9,MAT 2,
2019,9,2,29.6,MAT 2,1
2019,9,3,28.8,MAT 2,
2019,9,4,28.7,MAT 2,
2019,9,5,29.1,MAT 2,
2019,9,6,28.9,MAT 2,
2019,9,7,29.0,MAT 2,
2019,9,8,29.1,MAT 2,
2019,9,9,28.9,MAT 2,
2019,9,10,28.4,MAT 2,
2019,9,11,29.0,MAT 2,
2019,9,12,28.7,MAT 2,1
2019,9,13,28.8,MAT 2,
2019,9,14,28.8,MAT 2,
2019,9,15,28.9,MAT 2,
2019,9,16,29.0,MAT 2,
2019,9,17,28.9,MAT 2,
2019,9,18,27.8,MAT 2,1
2019,9,19,27.9,MAT 2,
2019,9,20,27.9,MAT 2,
2019,9,21,28.2,MAT 2,
2019,9,22,28.1,MAT 2,
2019,9,23,28.2,MAT 2,
2019,9,24,28.3,MAT 2,
2019,9,25,28.0,MAT 2,
2019,9,26,27.8,MAT 2,
2019,9,27,28.2,MAT 2,
2019,9,28,28.0,MAT 2,
2019,9,29,28.4,MAT 2,
2019,9,30,28.1,MAT 2,
2019,10,1,28.1,MAT 2,
2019,10,2,28.1,MAT 2,
2019,10,3,28.1,MAT 2,
2019,10,4,28.1,MAT 2,
2019,10,5,28.3,MAT 2,1
2019,10,6,28.3,MAT 2,
2019,10,7,28.3,MAT 2,1
2019,10,8,28.2,MAT 2,
2019,10,9,28.1,MAT 2,
2019,10,10,26.1,MAT 2,
2019,10,11,27.80,MAT 4,
2019,10,12,27.90,MAT 4,
2019,10,13,26.60,MAT 4,
2019,10,14,27.70,MAT 4,
2019,10,15,27.80,MAT 4,
2019,10,16,28.00,MAT 4,
2019,10,17,28.20,MAT 4,
2019,10,18,28.50,MAT 4,
2019,10,19,28.70,MAT 4,
2019,10,20,28.40,MAT 4,1
2019,10,21,28.50,MAT 4,
2019,10,22,29.00,MAT 4,
2019,10,23,28.3,MAT 1,
2019,10,24,28.6,MAT 1,
2019,10,25,28.4,MAT 1,
2019,10,26,28.4,MAT 1,
2019,10,27,28.7,MAT 1,
2019,10,28,28.6,MAT 1,
2019,10,29,28.5,MAT 1,
2019,10,30,28.5,MAT 1,
2019,10,31,28.5,MAT 1,
2019,11,1,28.5,MAT 1,
2019,11,2,28.4,MAT 1,
2019,11,3,28.5,MAT 1,
2019,11,4,25.5,MAT 1,
2019,11,5,27.7,MAT 1,
2019,11,6,28.2,MAT 1,
2019,11,7,28.1,MAT 1,
2019,11,8,28.3,MAT 1,
2019,11,9,28.2,MAT 1,
2019,11,10,27.8,MAT 1,
2019,11,11,27.8,MAT 1,
2019,11,12,27.7,MAT 1,
2019,11,13,27.8,MAT 1,
2019,11,14,27.7,MAT 1,
2019,11,15,27.6,MAT 1,
2019,11,16,28.2,MAT 1,
2019,11,17,28.3,MAT 1,1
2019,11,18,28.6,MAT 1,
2019,11,19,28.3,MAT 1,
2019,11,20,28.6,MAT 1,
2019,11,21,28.8,MAT 1,
2019,11,22,12.6,MAT 1,
2019,11,23,27.6,MAT 1,
2019,11,24,28.3,MAT 1,1
2019,11,25,28.2,MAT 1,
2019,11,26,28.7,MAT 1,1
2019,11,27,27.2,MAT 1,
2019,11,28,27.3,MAT 1,
2019,11,29,26.8,MAT 1,
2019,11,30,26.7,MAT 1,
2019,12,1,26.5,MAT 1,
2019,12,2,26.8,MAT 1,
2019,12,3,27.9,MAT 1,
2019,12,4,28.6,MAT 1,
2019,12,5,29.4,MAT 1,
2019,12,6,29.1,MAT 1,
2019,12,7,28.7,MAT 1,1
2019,12,8,28.1,MAT 1,
2019,12,9,28.1,MAT 1,
2019,12,10,28.1,MAT 1,1
2019,12,11,27.6,MAT 1,
2019,12,12,27.5,MAT 1,
2019,12,13,27.2,MAT 1,
2019,12,14,27.3,MAT 1,
2019,12,15,27.8,MAT 1,
2019,12,16,27.2,MAT 1,
2019,12,17,27.3,MAT 1,
2019,12,18,27.3,MAT 1,
2019,12,19,27.9,MAT 1,
2019,12,20,27.4,MAT 1,
2019,12,21,,MAT 2,
2019,12,22,27.9,MAT 2,1
2019,12,23,28.1,MAT 2,
2019,12,24,27.1,MAT 2,
2019,12,25,27.4,MAT 2,1
2019,12,26,28.1,MAT 2,
2019,12,27,28.4,MAT 2,
2019,12,28,27.6,MAT 2,
2019,12,29,27.6,MAT 2,
2019,12,30,27.6,MAT 2,
2019,12,31,27.9,MAT 2,
2020,1,1,27.0,MAT 2,
2020,1,2,27.6,MAT 2,
2020,1,3,27.7,MAT 2,
2020,1,4,27.8,MAT 2,
2020,1,5,27.3,MAT 2,
2020,1,6,26.3,MAT 2,
2020,1,7,27.2,MAT 2,1
2020,1,8,27.6,MAT 2,
2020,1,9,28.1,MAT 2,
2020,1,10,28.0,MAT 2,1
2020,1,11,28.1,MAT 2,
2020,1,12,28.6,MAT 2,
2020,1,13,28.0,MAT 2,
2020,1,14,28.5,MAT 2,
2020,1,15,28.0,MAT 2,
2020,1,16,28.5,MAT 2,
2020,1,17,28.5,MAT 2,
2020,1,18,27.2,MAT 2,
2020,1,19,28.2,MAT 2,
2020,1,20,28.9,MAT 2,
2020,1,21,27.6,MAT 2,
2020,1,22,24.6,MAT 2,1
2020,1,23,24.2,MAT 2,
2020,1,24,27.8,MAT 2,
2020,1,25,28.5,MAT 2,1
2020,1,26,27.1,MAT 2,
2020,1,27,26.3,MAT 2,
2020,1,28,24.4,MAT 2,
2020,1,29,22.6,MAT 2,
2020,1,30,27.1,MAT 2,
2020,1,31,28.1,MAT 2,
2020,2,1,28.2,MAT 2,
2020,2,2,27.7,MAT 2,
2020,2,3,26.2,MAT 2,
2020,2,4,27.8,MAT 2,
2020,2,5,27.9,MAT 2,
2020,2,6,28.2,MAT 2,
2020,2,7,28.0,MAT 2,
2020,2,8,28.0,MAT 2,
2020,2,9,27.5,MAT 2,
2020,2,10,27.9,MAT 2,
2020,2,11,27.9,MAT 2,
2020,2,12,28.7,MAT 2,
2020,2,13,27.1,MAT 2,
2020,2,14,27.1,MAT 2,
2020,2,15,27.1,MAT 2,
2020,2,16,26.9,MAT 2,
2020,2,17,27.1,MAT 2,
2020,2,18,27.4,MAT 2,
2020,2,19,27.1,MAT 2,
2020,2,20,27.5,MAT 2,
2020,2,21,27.2,MAT 2,
2020,2,22,,MAT 2,
2020,2,23,22.5,MAT 2,1
2020,2,24,27.3,MAT 2,
2020,2,25,27.4,MAT 2,
2020,2,26,27.6,MAT 2,
2020,2,27,27.2,MAT 2,
2020,2,28,24.6,MAT 2,
2020,2,29,25.2,MAT 2,
2020,3,1,25.0,MAT 2,
2020,3,2,25.6,MAT 2,
2020,3,3,27.5,MAT 2,
2020,3,4,28.2,MAT 2,
2020,3,5,25.2,MAT 2,
2020,3,6,27.6,MAT 2,
2020,3,7,27.1,MAT 2,
2020,3,8,27.0,MAT 2,
2020,3,9,26.7,MAT 2,
2020,3,10,27.3,MAT 2,
2020,3,11,28.0,MAT 2,
2020,3,12,27.5,MAT 2,1
2020,3,13,27.3,MAT 2,
2020,3,14,27.5,MAT 2,
2020,3,15,27.5,MAT 2,
2020,3,16,27.4,MAT 2,
2020,3,17,27.3,MAT 2,1
2020,3,18,27.5,MAT 2,
2020,3,19,27.5,MAT 2,
2020,3,20,25.7,MAT 2,
2020,3,21,25.2,MAT 1,
2020,3,22,25.2,MAT 1,
2020,3,23,26.6,MAT 1,
2020,3,24,27.0,MAT 1,
2020,3,25,27.2,MAT 1,
2020,3,26,27.0,MAT 1,
2020,3,27,27.2,MAT 1,1
2020,3,28,24.0,MAT 1,
2020,3,29,27.0,MAT 1,
2020,3,30,27.2,MAT 1,
2020,3,31,27.3,MAT 1,
2020,4,1,27.1,MAT 1,
2020,4,2,26.9,MAT 1,
2020,4,3,27.0,MAT 1,
2020,4,4,27.1,MAT 1,
2020,4,5,27.1,MAT 1,
2020,4,6,27.1,MAT 1,1
2020,4,7,27.1,MAT 1,1
2020,4,8,27.4,MAT 1,1
2020,4,9,27.3,MAT 1,
2020,4,10,27.3,MAT 1,
2020,4,11,27.4,MAT 1,
2020,4,12,27.4,MAT 1,
2020,4,13,27.5,MAT 1,1
2020,4,14,27.4,MAT 1,1
2020,4,15,27.4,MAT 1,
2020,4,16,27.1,MAT 1,1
2020,4,17,27.4,MAT 1,1
2020,4,18,27.4,MAT 1,
2020,4,19,28.7,MAT 1,
2020,4,20,27.3,MAT 1,1
2020,4,21,27.4,MAT 1,
2020,4,22,27.3,MAT 1,
2020,4,23,27.3,MAT 1,
2020,4,24,27.4,MAT 1,
2020,4,25,27.3,MAT 1,
2020,4,26,27.2,MAT 1,2
2020,4,27,27.1,MAT 1,
2020,4,28,27.0,MAT 1,1
2020,4,29,26.8,MAT 1,1
2020,4,30,27.2,MAT 1,
2020,5,1,26.7,MAT 1,
2020,5,2,26.8,MAT 1,
2020,5,3,27.1,MAT 1,
2020,5,4,26.8,MAT 1,
2020,5,5,27.2,MAT 1,2
2020,5,6,27.4,MAT 1,2
2020,5,7,27.1,MAT 1,
2020,5,8,26.8,MAT 1,
2020,5,9,27.1,MAT 1,
2020,5,10,27.2,MAT 1,
2020,5,11,26.8,MAT 1,
2020,5,12,27.0,MAT 1,
2020,5,13,26.9,MAT 1,
2020,5,14,26.9,MAT 1,
2020,5,15,26.8,MAT 1,
2020,5,16,27.1,MAT 1,2
2020,5,17,27.3,MAT 1,
2020,5,18,27.4,MAT 1,
2020,5,19,27.2,MAT 1,
2020,5,20,27.4,MAT 1,
2020,5,21,27.5,MAT 1,
2020,5,22,27.9,MAT 1,2
2020,5,23,27.3,MAT 1,1
2020,5,24,27.3,MAT 1,1
2020,5,25,27.1,MAT 1,
2020,5,26,26.9,MAT 1,
2020,5,27,27.1,MAT 1,
2020,5,28,27.8,MAT 1,
2020,5,29,28.4,MAT 1,
2020,5,30,29.0,MAT 1,
2020,5,31,29.5,MAT 1,
2020,6,1,29.9,MAT 1,
2020,6,2,29.8,MAT 1,2
2020,6,3,27.7,MAT 1,
2020,6,4,29.0,MAT 1,
2020,6,5,27.7,MAT 1,1
2020,6,6,29.1,MAT 1,
2020,6,7,29.2,MAT 1,
2020,6,8,29.5,MAT 1,
2020,6,9,29.6,MAT 1,
2020,6,10,30.1,MAT 1,
2020,6,11,30.2,MAT 1,
2020,6,12,30.1,MAT 1,
2020,6,13,29.1,MAT 4,1
2020,6,14,29.3,MAT 4,
2020,6,15,29.4,MAT 4,
2020,6,16,29.1,MAT 4,
2020,6,17,29.4,MAT 4,
2020,6,18,28.6,MAT 4,
2020,6,19,28.5,MAT 4,
2020,6,20,28.6,MAT 4,1
2020,6,21,29.1,MAT 4,1
2020,6,22,29.4,MAT 4,
2020,6,23,29.9,MAT 4,
2020,6,24,30.3,MAT 4,
2020,6,25,31.4,MAT 4,
2020,6,26,31.0,MAT 4,
2020,6,27,30.9,MAT 4,
2020,6,28,30.4,MAT 4,
2020,6,29,30.90,MAT 4,
2020,6,30,31.00,MAT 4,
2020,7,1,31.1,MAT 4,
2020,7,2,31.2,MAT 4,
2020,7,3,31.2,MAT 4,2
2020,7,4,31.2,MAT 4,
2020,7,5,30.7,MAT 4,
2020,7,6,30.8,MAT 4,
2020,7,7,31.1,MAT 4,
2020,7,8,30.7,MAT 2,
2020,7,9,30.7,MAT 2,1
2020,7,10,30.8,MAT 2,
2020,7,11,30.5,MAT 2,
2020,7,12,29.9,MAT 2,
2020,7,13,29.9,MAT 2,
2020,7,14,29.6,MAT 2,1
2020,7,15,30.5,MAT 2,1
2020,7,16,30.6,MAT 2,
2020,7,17,30.6,MAT 2,
2020,7,18,29.7,MAT 2,
2020,7,19,,MAT 2,
2020,7,20,29.5,MAT 2,
2020,7,21,29.4,MAT 2,
2020,7,22,28.6,MAT 2,
2020,7,23,,MAT 2,
2020,7,24,28.1,MAT 2,
2020,7,25,28.7,MAT 2,
2020,7,26,28.8,MAT 2,
2020,7,27,29.4,MAT 2,
2020,7,28,29.9,MAT 2,
2020,7,29,30.1,MAT 2,
2020,7,30,30.3,MAT 2,
2020,7,31,30.6,MAT 2,
2020,8,1,28.3,MAT 1,
2020,8,2,28.6,MAT 1,
2020,8,3,28.8,MAT 1,
2020,8,4,28.7,MAT 1,
2020,8,5,28.8,MAT 1,
2020,8,6,28.7,MAT 1,
2020,8,7,28.6,MAT 1,
2020,8,8,28.7,MAT 1,
2020,8,9,30.8,MAT 2,
2020,8,10,,MAT 2,
2020,8,11,31.0,MAT 2,
2020,8,12,31.2,MAT 2,
2020,8,13,30.80,MAT 2,
2020,8,14,30.70,MAT 2,1
2020,8,15,31.0,MAT 2,
2020,8,16,30.9,MAT 2,
2020,8,17,31.2,MAT 2,
2020,8,18,31.0,MAT 2,
2020,8,19,31.1,MAT 2,
2020,8,20,,MAT 2,
2020,8,21,,MAT 2,
2020,8,22,30.4,MAT 2,
2020,8,23,30.3,MAT 2,
2020,8,24,,MAT 2,
2020,8,25,29.2,MAT 2,
2020,8,26,29.6,MAT 2,
2020,8,27,,MAT 2,
2020,8,28,30.4,MAT 2,
2020,8,29,30.8,MAT 2,
2020,8,30,31.3,MAT 2,
2020,8,31,30.9,MAT 2,
2020,9,1,,MAT 2,
2020,9,2,31.2,MAT 2,
2020,9,3,31.1,MAT 2,
2020,9,4,31.1,MAT 2,
2020,9,5,31.1,MAT 2,
2020,9,6,30.5,MAT 2,
2020,9,7,30.2,MAT 2,
2020,9,8,29.6,MAT 2,
2020,9,9,29.9,MAT 2,
2020,9,10,29.5,MAT 2,
2020,9,11,29.5,MAT 2,1
2020,9,12,29.2,MAT 2,
2020,9,13,27.90,MAT 2,
2020,9,14,28.20,MAT 2,
2020,9,15,28.70,MAT 2,
2020,9,16,29.00,MAT 2,
2020,9,17,29.9,MAT 1,
2020,9,18,30.2,MAT 1,
2020,9,19,30.5,MAT 1,
2020,9,20,31.0,MAT 1,
2020,9,21,31.3,MAT 1,
2020,9,22,29.6,MAT 1,
2020,9,23,28.9,MAT 1,
2020,9,24,28.8,MAT 1,
2020,9,25,28.6,MAT 1,
2020,9,26,29.0,MAT 1,
2020,9,27,29.1,MAT 1,
2020,9,28,29.7,MAT 1,
2020,9,29,30.1,MAT 1,
2020,9,30,30.5,MAT 1,
2020,10,1,30.4,MAT 1,
2020,10,2,30.2,MAT 1,
2020,10,3,29.9,MAT 1,
2020,10,4,29.6,MAT 1,
2020,10,5,,MAT 1,
2020,10,6,29.8,MAT 1,
2020,10,7,29.8,MAT 1,
2020,10,8,29.5,MAT 1,
2020,10,9,29.4,MAT 1,
2020,10,10,29.4,MAT 1,
2020,10,11,29.8,MAT 1,
2020,10,12,29.9,MAT 1,
2020,10,13,28.9,MAT 1,
2020,10,14,30.0,MAT 1,
2020,10,15,29.8,MAT 1,
2020,10,16,29.9,MAT 1,
2020,10,17,29.2,MAT 1,
2020,10,18,29.1,MAT 1,
2020,10,19,28.6,MAT 1,
2020,10,20,28.1,MAT 1,
2020,10,21,27.7,MAT 1,
2020,10,22,27.0,MAT 1,
2020,10,23,27.0,MAT 1,
2020,10,24,27.2,MAT 1,
2020,10,25,27.3,MAT 1,
2020,10,26,27.6,MAT 1,
2020,10,27,27.7,MAT 1,
2020,10,28,28.5,MAT 1,
2020,10,29,27.7,MAT 1,
2020,10,30,27.9,MAT 1,
2020,10,31,29.2,MAT 1,
2020,11,1,,MAT 1,
2020,11,2,29.5,MAT 1,
2020,11,3,,MAT 1,
2020,11,4,26.0,MAT 1,
2020,11,5,25.8,MAT 1,
2020,11,6,25.8,MAT 1,
2020,11,7,26.2,MAT 1,
2020,11,8,26.0,MAT 1,
2020,11,9,,MAT 1,
2020,11,10,26.3,MAT 1,
2020,11,11,26.6,MAT 1,
2020,11,12,26.2,MAT 1,
2020,11,13,26.6,MAT 1,
2020,11,14,27.2,MAT 1,
2020,11,15,27.4,MAT 1,
2020,11,16,,MAT 1,
2020,11,17,27.4,MAT 1,
2020,11,18,26.5,MAT 1,
2020,11,19,25.2,MAT 1,
2020,11,20,24.7,MAT 1,
2020,11,21,24.7,MAT 1,
2020,11,22,24.8,MAT 1,
2020,11,23,25.0,MAT 1,
2020,11,24,25.2,MAT 1,
2020,11,25,25.2,MAT 1,
2020,11,26,24.8,MAT 1,
2020,11,27,25.1,MAT 1,
2020,11,28,25.1,MAT 1,
2020,11,29,25.8,MAT 1,
2020,11,30,25.7,MAT 1,
2020,12,1,24.9,MAT 1,
2020,12,2,22.9,MAT 1,
2020,12,3,22.8,MAT 1,
2020,12,4,22.8,MAT 1,
2020,12,5,23.0,MAT 1,
2020,12,6,23.6,MAT 1,
2020,12,7,24.1,MAT 1,
2020,12,8,23.1,MAT 1,
2020,12,9,21.0,MAT 1,
2020,12,10,20.5,MAT 1,
2020,12,11,21.0,MAT 1,
2020,12,12,21.9,MAT 1,
2020,12,13,22.7,MAT 1,
2020,12,14,23.5,MAT 1,
2020,12,15,24.1,MAT 1,
2020,12,16,24.5,MAT 1,
2020,12,17,27.1,MAT 1,
2020,12,18,24.2,MAT 1,
2020,12,19,23.4,MAT 1,
2020,12,20,23.7,MAT 1,
2020,12,21,24.1,MAT 1,
2020,12,22,23.5,MAT 1,
2020,12,23,23.3,MAT 1,
2020,12,24,23.60,MAT 1,
2020,12,25,23.10,MAT 1,
2020,12,26,21.20,MAT 1,
2020,12,27,20.3,MAT 1,
2020,12,28,20.7,MAT 1,
2020,12,29,21.4,MAT 1,
2020,12,30,22.1,MAT 1,
2020,12,31,22.6,MAT 1,
2021,1,1,23.3,MAT 1,
2021,1,2,23.8,MAT 1,
2021,1,3,24.0,MAT 1,
2021,1,4,24.1,MAT 1,
2021,1,5,23.4,MAT 1,
2021,1,6,22.5,MAT 1,
2021,1,7,22.3,MAT 1,
2021,1,8,23.0,MAT 1,
2021,1,9,22.20,MAT 1,
2021,1,10,20.4,MAT 1,
2021,1,11,21.3,MAT 1,
2021,1,12,21.8,MAT 1,
2021,1,13,21.7,MAT 1,
2021,1,14,21.9,MAT 1,
2021,1,15,21.6,MAT 1,
2021,1,16,21.9,MAT 1,
2021,1,17,21.4,MAT 1,
2021,1,18,21.3,MAT 1,
2021,1,19,21.2,MAT 1,
2021,1,20,21.4,MAT 1,
2021,1,21,21.0,MAT 1,
2021,1,22,21.7,MAT 1,
2021,1,23,22.2,MAT 1,
2021,1,24,22.6,MAT 1,
2021,1,25,23.0,MAT 1,
2021,1,26,23.5,MAT 1,
2021,1,27,23.9,MAT 1,
2021,1,28,24.3,MAT 1,
2021,1,29,22.6,MAT 1,
2021,1,30,22.2,MAT 1,
2021,1,31,22.0,MAT 1,
2021,2,1,22.1,MAT 1,
2021,2,2,20.7,MAT 1,
2021,2,3,19.7,MAT 2,
2021,2,4,20.6,MAT 2,
2021,2,5,22.3,MAT 2,
2021,2,6,22.5,MAT 2,
2021,2,7,22.2,MAT 2,
2021,2,8,22.3,MAT 2,
2021,2,9,22.2,MAT 2,
2021,2,10,22.3,MAT 2,
2021,2,11,24.3,MAT 2,
2021,2,12,24.2,MAT 2,
2021,2,13,24.7,MAT 2,
2021,2,14,26.5,MAT 2,
2021,2,15,26.0,MAT 2,
2021,2,16,26.0,MAT 2,
2021,2,17,25.8,MAT 2,
2021,2,18,25.8,MAT 2,
2021,2,19,27.1,MAT 2,
2021,2,20,27.2,MAT 2,
2021,2,21,27.3,MAT 2,
2021,2,22,26.7,MAT 2,
2021,2,23,27.7,MAT 2,
2021,2,24,27.9,MAT 2,
2021,2,25,27.3,MAT 2,
2021,2,26,27.3,MAT 2,
2021,2,27,27.2,MAT 2,
2021,2,28,27.0,MAT 2,
2021,3,1,27.2,MAT 2,
2021,3,2,27.4,MAT 2,
2021,3,3,27.3,MAT 2,
2021,3,4,27.2,MAT 2,
2021,3,5,26.7,MAT 2,
2021,3,6,26.6,MAT 2,
2021,3,7,26.5,MAT 2,
2021,3,8,26.2,MAT 2,
2021,3,9,26.4,MAT 2,
2021,3,10,26.0,MAT 2,
2021,3,11,25.6,MAT 2,
2021,3,12,25.9,MAT 2,
2021,3,13,26.2,MAT 2,1
2021,3,14,26.2,MAT 2,
2021,3,15,26.3,MAT 2,
2021,3,16,26.8,MAT 2,
2021,3,17,27.2,MAT 2,1
2021,3,18,27.3,MAT 2,
2021,3,19,27.2,MAT 2,
2021,3,20,26.8,MAT 2,
2021,3,21,26.9,MAT 2,
2021,3,22,26.5,MAT 2,
2021,3,23,27.0,MAT 2,
2021,3,24,27.1,MAT 2,
2021,3,25,27.3,MAT 2,
2021,3,26,27.1,MAT 2,
2021,3,27,27.4,MAT 2,
2021,3,28,26.9,MAT 2,
2021,3,29,27.0,MAT 2,
2021,3,30,27.5,MAT 2,
2021,3,31,26.9,MAT 2,
2021,4,1,26.9,MAT 2,1
2021,4,2,26.8,MAT 2,1
2021,4,3,26.7,MAT 2,1
2021,4,4,,MAT 2,
2021,4,5,,MAT 2,1
2021,4,6,27.0,MAT 2,1
2021,4,7,27.2,MAT 2,1
2021,4,8,27.5,MAT 2,
2021,4,9,26.9,MAT 2,
2021,4,10,27.0,MAT 2,
2021,4,11,27.2,MAT 2,
2021,4,12,27.0,MAT 2,1
2021,4,13,27.0,MAT 2,
2021,4,14,27.1,MAT 2,
2021,4,15,26.9,MAT 1,
2021,4,16,27.1,MAT 1,
2021,4,17,27.3,MAT 1,1
2021,4,18,27.4,MAT 1,
2021,4,19,27.8,MAT 1,
2021,4,20,27.9,MAT 1,
2021,4,21,27.0,MAT 1,1
2021,4,22,22.2,MAT 1,
2021,4,23,27.0,MAT 1,1
2021,4,24,27.0,MAT 1,1
2021,4,25,27.3,MAT 1,
2021,4,26,27.6,MAT 1,
2021,4,27,27.2,MAT 1,1
2021,4,28,26.3,MAT 1,
2021,4,29,24.2,MAT 1,
2021,4,30,24.5,MAT 1,1
2021,5,1,24.0,MAT 1,1
2021,5,2,26.5,MAT 1,
2021,5,3,27.5,MAT 1,
2021,5,4,25.5,MAT 1,1
2021,5,5,24.9,MAT 1,1
2021,5,6,25.3,MAT 1,
2021,5,7,25.1,MAT 1,
2021,5,8,24.7,MAT 1,
2021,5,9,24.5,MAT 1,
2021,5,10,23.7,MAT 1,
2021,5,11,23.6,MAT 1,
2021,5,12,24.0,MAT 1,
2021,5,13,24.0,MAT 1,
2021,5,14,23.3,MAT 1,
2021,5,15,23.1,MAT 1,
2021,5,16,22.7,MAT 1,
2021,5,17,22.3,MAT 1,
2021,5,18,22.2,MAT 1,
2021,5,19,23.0,MAT 1,
2021,5,20,22.8,MAT 1,
2021,5,21,22.7,MAT 1,
2021,5,22,22.8,MAT 1,
2021,5,23,22.4,MAT 1,
2021,5,24,22.8,MAT 1,
2021,5,25,22.7,MAT 1,
2021,5,26,22.6,MAT 1,
2021,5,27,22.5,MAT 1,
2021,5,28,23.4,MAT 1,
2021,5,29,23.3,MAT 1,
2021,5,30,24.2,MAT 1,1
2021,5,31,23.5,MAT 1,1
2021,6,1,23.5,MAT 1,1
2021,6,2,23.2,MAT 1,
2021,6,3,23.0,MAT 1,
2021,6,4,22.4,MAT 1,
2021,6,5,22.6,MAT 1,
2021,6,6,24.3,MAT 1,
2021,6,7,22.9,MAT 1,
2021,6,8,22.5,MAT 1,
2021,6,9,22.0,MAT 1,
2021,6,10,20.5,MAT 1,
2021,6,11,20.3,MAT 1,
2021,6,12,20.6,MAT 1,
2021,6,13,19.9,MAT 1,
2021,6,14,20.9,MAT 1,
2021,6,15,21.6,MAT 1,
2021,6,16,21.8,MAT 1,
2021,6,17,22.6,MAT 1,
2021,6,18,22.7,MAT 1,
2021,6,19,24.2,MAT 1,
2021,6,20,24.6,MAT 1,
2021,6,21,25.4,MAT 1,1
2021,6,22,26.1,MAT 1,1
2021,6,23,25.5,MAT 1,
2021,6,24,27.4,MAT 1,
2021,6,25,25.5,MAT 1,
2021,6,26,25.0,MAT 1,
2021,6,27,24.6,MAT 1,
2021,6,28,24.7,MAT 1,
2021,6,29,23.9,MAT 1,
2021,6,30,23.7,MAT 1,
2021,7,1,23.2,MAT 1,1
2021,7,2,23.4,MAT 1,
2021,7,3,23.6,MAT 1,
2021,7,4,24.2,MAT 1,1
2021,7,5,24.5,MAT 1,
2021,7,6,25.5,MAT 1,
2021,7,7,27.9,MAT 1,
2021,7,8,27.9,MAT 2,1
2021,7,9,27.7,MAT 2,
2021,7,10,27.2,MAT 2,1
2021,7,11,27.7,MAT 2,
2021,7,12,27.6,MAT 2,
2021,7,13,27.6,MAT 2,
2021,7,14,27.4,MAT 2,
2021,7,15,27.7,MAT 2,
2021,7,16,27.5,MAT 2,
2021,7,17,27.4,MAT 2,
2021,7,18,27.6,MAT 2,
2021,7,19,27.4,MAT 2,
2021,7,20,27.5,MAT 2,1
2021,7,21,29.9,MAT 2,1
2021,7,22,27.8,MAT 2,
2021,7,23,28.6,MAT 2,
2021,7,24,27.8,MAT 2,
2021,7,25,27.0,MAT 2,
2021,7,26,27.4,MAT 2,
2021,7,27,27.5,MAT 2,1
2021,7,28,24.6,MAT 2,1
2021,7,29,27.8,MAT 2,
2021,7,30,27.5,MAT 2,
2021,7,31,27.5,MAT 2,
2021,8,1,25.6,MAT 2,
2021,8,2,30.8,MAT 2,1
2021,8,3,30.7,MAT 2,
2021,8,4,29.8,MAT 2,
2021,8,5,29.7,MAT 2,
2021,8,6,30.2,MAT 2,1
2021,8,7,30.5,MAT 2,
2021,8,8,30.6,MAT 2,
2021,8,9,30.2,MAT 2,
2021,8,10,30.4,MAT 2,1
2021,8,11,30.4,MAT 2,
2021,8,12,30.4,MAT 2,1
2021,8,13,29.7,MAT 2,1
2021,8,14,29.0,MAT 2,
2021,8,15,28.4,MAT 2,1
2021,8,16,28.6,MAT 2,
2021,8,17,29.4,MAT 2,1
2021,8,18,29.5,MAT 2,1
2021,8,19,29.8,MAT 2,1
2021,8,20,30.0,MAT 2,
2021,8,21,29.9,MAT 2,
2021,8,22,30.1,MAT 2,
2021,8,23,30.4,MAT 2,
2021,8,24,30.5,MAT 2,1
2021,8,25,31.0,MAT 2,1
2021,8,26,28.8,MAT 2,
2021,8,27,29.1,MAT 2,1
2021,8,28,29.1,MAT 2,
2021,8,29,29.7,MAT 2,1
2021,8,30,30.1,MAT 2,1
2021,8,31,30.4,MAT 2,
2021,9,1,30.2,MAT 2,
2021,9,2,30.2,MAT 2,
2021,9,3,29.5,MAT 2,
2021,9,4,29.1,MAT 2,
2021,9,5,29.3,MAT 2,
2021,9,6,29.7,MAT 2,
2021,9,7,29.9,MAT 2,
2021,9,8,30.0,MAT 2,
2021,9,9,30.2,MAT 2,
2021,9,10,30.2,MAT 2,
2021,9,11,30.2,MAT 2,
2021,9,12,30.4,MAT 2,1
2021,9,13,30.1,MAT 2,
2021,9,14,29.5,MAT 2,
2021,9,15,29.6,MAT 2,
2021,9,16,29.8,MAT 2,
2021,9,17,29.9,MAT 2,
2021,9,18,29.6,MAT 2,
2021,9,19,29.8,MAT 2,
2021,9,20,29.7,MAT 2,
2021,9,21,29.7,MAT 2,
2021,9,22,29.4,MAT 2,
2021,9,23,29.2,MAT 2,
2021,9,24,29.3,MAT 2,
2021,9,25,29.4,MAT 4,
2021,9,26,29.7,MAT 4,
2021,9,27,28.7,MAT 4,
2021,9,28,,MAT 4,
2021,9,29,28.0,MAT 4,
2021,9,30,28.2,MAT 4,
2021,10,1,28.3,MAT 4,
2021,10,2,27.1,MAT 4,
2021,10,3,27.3,MAT 4,
2021,10,4,27.2,MAT 4,
2021,10,5,27.3,MAT 4,
2021,10,6,27.9,MAT 4,
2021,10,7,28.4,MAT 4,
2021,10,8,28.8,MAT 4,
2021,10,9,28.6,MAT 4,
2021,10,10,28.2,MAT 4,
2021,10,11,28.2,MAT 4,1
2021,10,12,28.3,MAT 4,
2021,10,13,28.5,MAT 4,
2021,10,14,28.5,MAT 4,
2021,10,15,28.4,MAT 4,
2021,10,16,28.2,MAT 4,
2021,10,17,28.4,MAT 4,
2021,10,18,28.0,MAT 4,
2021,10,19,27.2,MAT 4,
2021,10,20,26.7,MAT 4,
2021,10,21,26.7,MAT 4,
2021,10,22,27.0,MAT 4,
2021,10,23,26.3,MAT 4,
2021,10,24,26.8,MAT 4,
2021,10,25,27.3,MAT 4,
2021,10,26,27.6,MAT 4,
2021,10,27,27.8,MAT 4,
2021,10,28,28.3,MAT 4,
2021,10,29,28.0,MAT 4,
2021,10,30,27.2,MAT 4,
2021,10,31,26.5,MAT 4,
2021,11,1,26.4,MAT 4,
2021,11,2,26.3,MAT 4,
2021,11,3,25.7,MAT 4,
2021,11,4,25.9,MAT 4,
2021,11,5,26.0,MAT 4,
2021,11,6,25.2,MAT 4,
2021,11,7,24.0,MAT 4,
2021,11,8,23.4,MAT 4,
2021,11,9,23.2,MAT 4,
2021,11,10,24.2,MAT 4,
2021,11,11,25.2,MAT 4,
2021,11,12,25.0,MAT 4,
2021,11,13,24.8,MAT 4,
2021,11,14,24.7,MAT 4,
2021,11,15,23.4,MAT 4,
2021,11,16,23.7,MAT 4,
2021,11,17,23.6,MAT 2,
2021,11,18,24.3,MAT 2,
2021,11,19,24.3,MAT 2,
2021,11,20,24.5,MAT 2,
2021,11,21,24.6,MAT 2,
2021,11,22,25.1,MAT 2,
2021,11,23,24.5,MAT 2,
2021,11,24,22.9,MAT 2,
2021,11,25,22.8,MAT 2,
2021,11,26,22.8,MAT 2,
2021,11,27,22.8,MAT 2,
2021,11,28,22.7,MAT 2,
2021,11,29,22.6,MAT 2,
2021,11,30,22.2,MAT 2,
2021,12,1,22.5,MAT 2,
2021,12,2,23.0,MAT 2,
2021,12,3,23.0,MAT 2,
2021,12,4,23.3,MAT 2,
2021,12,5,23.6,MAT 2,
2021,12,6,24.2,MAT 2,
2021,12,7,24.2,MAT 2,
2021,12,8,24.5,MAT 2,
2021,12,9,25.0,MAT 2,
2021,12,10,25.3,MAT 2,
2021,12,11,25.5,MAT 2,
2021,12,12,25.6,MAT 2,
2021,12,13,25.6,MAT 2,
2021,12,14,25.2,MAT 2,
2021,12,15,25.4,MAT 2,
2021,12,16,25.1,MAT 2,
2021,12,17,25.0,MAT 2,
2021,12,18,25.1,MAT 2,
2021,12,19,25.4,MAT 2,
2021,12,20,25.4,MAT 2,
2021,12,21,25.7,MAT 2,
2021,12,22,24.1,MAT 2,
2021,12,23,22.6,MAT 2,
2021,12,24,22.6,MAT 2,
2021,12,25,23.0,MAT 2,
2021,12,26,23.2,MAT 2,
2021,12,27,23.5,MAT 2,
2021,12,28,24.0,MAT 2,
2021,12,29,24.2,MAT 2,
2021,12,30,24.3,MAT 2,
2021,12,31,25.0,MAT 2,
2022,1,1,25.0,MAT 2,
2022,1,2,25.0,MAT 2,
2022,1,3,25.0,MAT 2,
2022,1,4,23.9,MAT 2,
2022,1,5,23.7,MAT 2,
2022,1,6,23.5,MAT 2,
2022,1,7,,MAT 2,
2022,1,8,24.2,MAT 2,
2022,1,9,24.2,MAT 2,
2022,1,10,24.0,MAT 2,
2022,1,11,23.8,MAT 2,
2022,1,12,23.2,MAT 2,
2022,1,13,22.9,MAT 2,
2022,1,14,22.0,MAT 2,
2022,1,15,21.4,MAT 2,
2022,1,16,22.1,MAT 2,
2022,1,17,21.1,MAT 2,
2022,1,18,20.2,MAT 2,
2022,1,19,19.9,MAT 2,
2022,1,20,20.9,MAT 2,
2022,1,21,20.9,MAT 2,
2022,1,22,21.9,MAT 2,
2022,1,23,21.6,MAT 2,
2022,1,24,22.1,MAT 2,
2022,1,25,22.9,MAT 2,
2022,1,26,23.8,MAT 2,
2022,1,27,24.1,MAT 2,
2022,1,28,24.4,MAT 2,
2022,1,29,24.0,MAT 2,
2022,1,30,22.9,MAT 2,
2022,1,31,21.5,MAT 2,
2022,2,1,23.9,MAT 2,
2022,2,2,24.0,MAT 2,
2022,2,3,25.5,MAT 2,
2022,2,4,25.8,MAT 2,
2022,2,5,26.0,MAT 2,
2022,2,6,25.9,MAT 2,
2022,2,7,25.9,MAT 2,
2022,2,8,25.9,MAT 2,
2022,2,9,26.4,MAT 2,
2022,2,10,25.8,MAT 2,
2022,2,11,26.3,MAT 2,
2022,2,12,26.3,MAT 2,
2022,2,13,26.5,MAT 2,
2022,2,14,25.6,MAT 2,
2022,2,15,26.6,MAT 2,
2022,2,16,26.4,MAT 2,
2022,2,17,27.4,MAT 2,
2022,2,18,28.1,MAT 2,
2022,2,19,29.0,MAT 2,
2022,2,20,28.7,MAT 2,
2022,2,21,28.5,MAT 2,
2022,2,22,28.6,MAT 2,
2022,2,23,28.1,MAT 2,
2022,2,24,28.3,MAT 2,
2022,2,25,28.7,MAT 2,1
2022,2,26,29.6,MAT 2,
2022,2,27,29.8,MAT 2,
2022,2,28,23.9,MAT 2,
2022,3,1,28.9,MAT 2,
2022,3,2,29.1,MAT 2,1
2022,3,3,29.7,MAT 2,
2022,3,4,26.6,MAT 2,
2022,3,5,24.0,MAT 4,
2022,3,6,24.1,MAT 4,
2022,3,7,24.1,MAT 4,
2022,3,8,25.8,MAT 2,
2022,3,9,26.9,MAT 2,
2022,3,10,26.7,MAT 2,1
2022,3,11,26.6,MAT 2,
2022,3,12,26.5,MAT 2,
2022,3,13,26.3,MAT 2,1
2022,3,14,28.1,MAT 2,1
2022,3,15,28.8,MAT 2,
2022,3,16,29.1,MAT 2,
2022,3,17,28.4,MAT 2,
2022,3,18,28.1,MAT 2,
2022,3,19,28.0,MAT 2,
2022,3,20,27.6,MAT 2,
2022,3,21,27.2,MAT 2,
2022,3,22,27.8,MAT 2,
2022,3,23,28.0,MAT 2,1
2022,3,24,27.6,MAT 2,1
2022,3,25,27.2,MAT 2,
2022,3,26,27.5,MAT 2,1
2022,3,27,27.2,MAT 2,
2022,3,28,28.0,MAT 2,1
2022,3,29,28.0,MAT 2,
2022,3,30,27.9,MAT 2,1
2022,3,31,27.7,MAT 2,
2022,4,1,27.9,MAT 2,
2022,4,2,27.5,MAT 2,
2022,4,3,27.2,MAT 2,
2022,4,4,27.4,MAT 2,
2022,4,5,27.6,MAT 2,
2022,4,6,27.3,MAT 2,
2022,4,7,27.2,MAT 2,
2022,4,8,27.1,MAT 2,1
2022,4,9,26.4,MAT 2,1
2022,4,10,26.5,MAT 2,
2022,4,11,27.0,MAT 2,
2022,4,12,27.3,MAT 2,
2022,4,13,27.7,MAT 2,
2022,4,14,28.0,MAT 2,
2022,4,15,27.5,MAT 2,
2022,4,16,27.4,MAT 2,
2022,4,17,27.3,MAT 2,
2022,4,18,27.2,MAT 2,
2022,4,19,27.2,MAT 2,
2022,4,20,27.1,MAT 2,2
2022,4,21,27.0,MAT 2,
2022,4,22,27.2,MAT 2,
2022,4,23,27.2,MAT 2,
2022,4,24,27.3,MAT 2,
2022,4,25,27.3,MAT 2,
2022,4,26,27.3,MAT 2,
2022,4,27,26.4,MAT 2,1
2022,4,28,26.2,MAT 2,1
2022,4,29,27.1,MAT 2,
2022,4,30,27.3,MAT 2,
2022,5,1,27.3,MAT 2,1
2022,5,2,27.2,MAT 2,
2022,5,3,27.0,MAT 2,
2022,5,4,,,
2022,5,5,,,
2022,5,6,,,
2022,5,7,,,
2022,5,8,,,
2022,5,9,,,
2022,5,10,,,
2022,5,11,,,
2022,5,12,,,
2022,5,13,,,
2022,5,14,,,
2022,5,15,,,
2022,5,16,,,
2022,5,17,,,
2022,5,18,,,
2022,5,19,,,
2022,5,20,28.5,MAT 1,
2022,5,21,26.6,MAT 1,
2022,5,22,26.0,MAT 1,
2022,5,23,26.2,MAT 1,1
2022,5,24,26.0,MAT 1,
2022,5,25,26.2,MAT 1,
2022,5,26,26.3,MAT 1,
2022,5,27,26.1,MAT 1,
2022,5,28,26.3,MAT 1,
2022,5,29,26.5,MAT 1,
2022,5,30,26.6,MAT 1,
2022,5,31,26.5,MAT 1,
2022,6,1,26.4,MAT 1,
2022,6,2,26.5,MAT 1,
2022,6,3,24.7,MAT 1,
2022,6,4,24.5,MAT 1,
2022,6,5,24.2,MAT 1,
2022,6,6,24.0,MAT 1,
2022,6,7,24.3,MAT 1,
2022,6,8,24.2,MAT 1,
2022,6,9,24.1,MAT 1,
2022,6,10,23.9,MAT 1,
2022,6,11,24.4,MAT 1,
2022,6,12,24.0,MAT 1,
2022,6,13,24.0,MAT 1,
2022,6,14,24.3,MAT 1,
2022,6,15,25.1,MAT 1,
2022,6,16,25.4,MAT 1,
2022,6,17,25.0,MAT 1,
2022,6,18,23.7,MAT 1,
2022,6,19,24.2,MAT 1,
2022,6,20,23.9,MAT 1,
2022,6,21,23.1,MAT 1,
2022,6,22,24.4,MAT 1,
2022,6,23,23.1,MAT 1,
2022,6,24,22.6,MAT 1,
2022,6,25,22.1,MAT 1,
2022,6,26,22.1,MAT 1,
2022,6,27,22.0,MAT 1,
2022,6,28,23.3,MAT 1,
2022,6,29,22.7,MAT 1,
2022,6,30,22.3,MAT 1,
2022,6,30,22.0,MAT 1,